{"10ohm": {"Eon": {"0.5531229008838384": 43.8940137543898, "1.316462831439394": 222.83686425884332, "2.002917345328283": 354.0535102050154, "2.6347442866161614": 488.92222705349246, "3.226305602904041": 586.9020908855751, "3.861830492424242": 650.5301097200016, "4.443568892045454": 710.7435430441635, "5.045033885732323": 801.9268442031413, "5.5874858585858584": 868.1645802403738, "6.152622727272727": 913.0346684068015, "6.670454908459597": 963.5230549714254, "7.134146464646465": 1037.8210075870088, "7.606309375": 1103.8770392587348, "8.104248327020201": 1146.6365017031808, "8.548406029040404": 1194.3648562354315, "8.947175710227272": 1268.5385272049336, "9.441580839646466": 1321.1776155489065}, "Eoff": {"0.4674294507575758": 1.200020698989105, "1.7383530618686869": 15.916274224670127, "2.6508390151515155": 30.184756708414817, "3.2710124053030305": 36.18702076144413, "4.103138920454545": 25.16379741786143, "4.9062810606060605": 49.3080071593825, "5.515829450757575": 59.700824954315024, "6.130237184343434": 60.74166883100715, "6.978613699494948": 59.69237274989781, "7.815755808080807": 85.46540627073887, "8.737101073232324": 103.20810571869318, "9.447290056818181": 105.09018066804845, "10.192400915404042": 111.68752024599725, "11.154058680555556": 140.82220106706396, "11.892685164141415": 147.24187309223996, "12.543577272727273": 145.7151500361265, "13.338219381313133": 175.13136173810904}, "deltaV": {"0.4674294507575758": 10.348437499999932, "1.7383530618686869": 21.299999999999955, "2.6508390151515155": 21.30234374999992, "3.2710124053030305": 24.410156249999943, "4.103138920454545": 23.65468749999991, "4.9062810606060605": 22.60703124999992, "5.515829450757575": 24.117187499999943, "6.130237184343434": 18.80312499999991, "6.978613699494948": 24.214062499999955, "7.815755808080807": 26.907031249999932, "8.737101073232324": 25.22499999999991, "9.447290056818181": 26.06015624999992, "10.192400915404042": 29.089062499999955, "11.154058680555556": 38.15078124999991, "11.892685164141415": 34.40468749999991, "12.543577272727273": 37.21874999999994, "13.338219381313133": 36.57812499999994}}, "5ohm": {"Eon": {"0.5379487121212121": 26.572754377930867, "1.251323399621212": 209.683640537532, "1.9191486079545454": 373.5776532547136, "2.535148371212122": 470.47497080271785, "3.07279634469697": 541.5730214858144, "3.5847127746212126": 645.0089810571945, "4.122358446969698": 721.3402401594105, "4.693673465909091": 761.966696517351, "5.233623825757576": 827.217908948021, "5.680199109848484": 897.5873461416076, "6.198131316287879": 951.6959503811389, "6.676292613636363": 991.0012372471272, "7.082026827651514": 1057.6397671312243, "7.547873096590908": 1121.6898247720962, "8.106594517045453": 1168.9589642486862, "8.541758418560606": 1203.1797290898344, "8.947990028409091": 1255.6389952765355}, "Eoff": {"0.6061487973484849": 18.79583432758996, "1.6263968655303032": 26.941946474022256, "2.293706903409091": 9.856337437234846, "3.091188740530303": 33.31613224960582, "3.6488423768939398": 40.15544742461412, "4.351496013257576": 36.815642855307765, "5.096899573863636": 42.860102845942244, "6.087834460227272": 58.72846973815105, "6.909409895833335": 73.1616903841051, "7.78901665719697": 56.26129356402225, "8.42262334280303": 70.94367479566759, "9.517480028409091": 109.07386840550897, "10.315461714015152": 108.75273083208806, "11.007646600378788": 107.75883324047939, "11.753128285984847": 132.34190630273673, "12.53243809659091": 157.30849484875353, "13.20166978219697": 160.98853930391218}, "deltaV": {"0.6061487973484849": 16.160156249999943, "1.6263968655303032": 17.300781249999943, "2.293706903409091": 17.60312499999992, "3.091188740530303": 18.31796874999992, "3.6488423768939398": 19.51718749999992, "4.351496013257576": 23.112499999999955, "5.096899573863636": 16.710156249999955, "6.087834460227272": 22.180468749999932, "6.909409895833335": 20.24453124999991, "7.78901665719697": 22.469531249999932, "8.42262334280303": 20.09218749999991, "9.517480028409091": 18.597656249999943, "10.315461714015152": 24.30624999999992, "11.007646600378788": 28.942187499999932, "11.753128285984847": 27.31015624999992, "12.53243809659091": 32.52187499999991, "13.20166978219697": 36.83828124999991}}, "3ohm": {"Eon": {"0.5104667057291666": 44.30608429859999, "1.2650982161458335": 208.634502246119, "1.882400368923611": 343.89685250361083, "2.4018933116319445": 468.5080863563228, "2.9945201605902776": 544.6628400546542, "3.509916063368055": 608.0591432380421, "4.075216158854167": 681.6718185111029, "4.580833962673611": 755.3513250362802, "5.168332521701389": 807.997960886325, "5.584606028645833": 848.9975188498257, "6.078531124131945": 921.7859542495667, "6.510901532118055": 982.3092274566276, "6.9701052734374995": 1018.1337067238678, "7.437738016493055": 1058.7990556256268, "7.9433876171875": 1122.0823119070587, "8.322490481770833": 1192.7012462448286, "8.780654474826388": 1216.1128031733213}, "Eoff": {"0.6626624001736111": -2.046738974085007, "1.6808058289930556": 24.036665219306105, "2.252969683159722": 31.003233020348848, "2.7663543446180556": 12.544730502450905, "3.5173789453125": 30.88593833169922, "4.360467417534723": 49.392910943793396, "5.261039578993055": 51.65428879002713, "6.075299926215278": 41.37182442473362, "6.927512712673613": 57.64719791040229, "7.770913684895834": 75.97539749529756, "8.608455282118056": 75.83948714719942, "9.32552812934028": 64.2965071717502, "10.147522851562501": 76.30625158193303, "11.026766888020834": 107.23241090961479, "11.583058485243054": 109.06171652614204, "12.321146957465277": 110.74712119525172, "13.137204179687501": 152.56886659209772}, "deltaV": {"0.6626624001736111": 11.199218749999943, "1.6808058289930556": 17.718749999999943, "2.252969683159722": 20.40468749999991, "2.7663543446180556": 21.757031249999955, "3.5173789453125": 16.211718749999932, "4.360467417534723": 17.574999999999932, "5.261039578993055": 24.207031249999943, "6.075299926215278": 19.89687499999991, "6.927512712673613": 18.562499999999943, "7.770913684895834": 20.83437499999991, "8.608455282118056": 22.835156249999955, "9.32552812934028": 22.198437499999955, "10.147522851562501": 23.104687499999955, "11.026766888020834": 23.96718749999991, "11.583058485243054": 17.839062499999955, "12.321146957465277": 24.44765624999991, "13.137204179687501": 24.60703124999992}}, "3ohmV2": {"Eon": {"0.49801634824810614": 51.56995646022456, "1.2767411351799243": 203.29165888822564, "1.9014062882733587": 349.7873217203143, "2.4377274948705807": 473.6155813603783, "3.0388478531407825": 551.210739506871, "3.56810669073548": 616.5457101067382, "4.105930370501894": 691.2003673788561, "4.68318093710543": 757.193307731804, "5.130676688368056": 820.727975202032, "5.628372763967803": 861.135393589166, "6.2443576400726": 917.2805354213781, "6.601145058001894": 997.3159615795099, "7.1727003121054285": 1022.2364531077127, "7.522638706202652": 1080.0648671340905, "8.01386069247159": 1137.408228942809, "8.423194788904672": 1211.619480264792, "8.841534093671086": 1238.5114066556632}, "Eoff": {"0.6413871563289141": 8.018251105526573, "1.6403975501104795": 30.224818412543577, "2.1949266315498734": 34.41403560355114, "2.77747934698548": 14.615105459399345, "3.5000320624210866": 18.554876700569697, "4.392506652856692": 53.05570076437922, "5.2577156182922975": 52.97791879975049, "6.047317878393309": 45.47712734334511, "6.973951388494318": 48.40125174419426, "7.8261134789299245": 71.04081112890103, "8.571106364030934": 77.54048574328807, "9.321021124131944": 72.19285045497956, "10.114667589567551": 100.46925353399071, "10.901457349668561": 118.27635384560375, "11.657543984769571": 117.99506835584646, "12.360896244870583": 115.8966733927192, "13.370420379971591": 144.59713650585394}, "deltaV": {"0.6413871563289141": 13.203124999999943, "1.6403975501104795": 17.40781249999992, "2.1949266315498734": 18.407031249999932, "2.77747934698548": 21.99062499999991, "3.5000320624210866": 21.719531249999932,