{"3ohm": {"Eon": {"0.5601455693655303": 51.61770635416288, "1.3729263072127527": 265.22190914346567, "2.1182955867266413": 427.8974340043893, "2.730608127761995": 573.9478649661602, "3.3384591781092174": 691.133414110052, "4.002305964725379": 759.1154349010776, "4.5292455567392675": 828.554746964086, "5.092691854876894": 926.8368731386771, "5.653148569681187": 1001.0687809315117, "6.227993305318814": 1048.6214832244536, "6.729770332623107": 1117.1841540984349, "7.225219234927399": 1191.9499577500685, "7.694201991398359": 1261.8146013093522, "8.21137690301452": 1282.7059848546241, "8.647308129340278": 1371.443726452964, "9.134019499289774": 1452.8247083119663, "9.582479371448864": 1504.2169532483774}, "Eoff": {"0.632583017282197": 8.179008701335452, "1.792887813683712": 23.485154390157557, "2.4974048157354796": 35.519781087743134, "3.0543650793087123": 29.566260653292893, "3.9682217294034094": 15.663439192987244, "4.974969004498106": 34.61969386253096, "5.919862666114268": 50.53633613505391, "6.843563066208967": 45.8433876918201, "7.675487977825126": 50.91077220092249, "8.741319139441288": 76.84484562541338, "9.683790926057451": 74.78947871057007, "10.559210076152148": 83.1226456705642, "11.30293186276831": 82.27861557297298, "12.391731774384471": 120.82162012181607, "13.204906686000632": 122.24910104363661, "13.877044586095332": 120.00228111345382, "14.73709449771149": 148.88297790781064}, "deltaV": {"0.632583017282197": 14.801562499999989, "1.792887813683712": 24.215625000000045, "2.4974048157354796": 23.59375, "3.0543650793087123": 23.203125000000057, "3.9682217294034094": 20.6875, "4.974969004498106": 19.803906249999955, "5.919862666114268": 22.484375, "6.843563066208967": 22.81406250000009, "7.675487977825126": 19.527343750000114, "8.741319139441288": 20.591406250000034, "9.683790926057451": 18.60390625000008, "10.559210076152148": 23.747656250000034, "11.30293186276831": 25.520312500000045, "12.391731774384471": 28.50156250000009, "13.204906686000632": 32.40390624999998, "13.877044586095332": 34.33437500000002, "14.73709449771149": 31.50312500000001}}, "5ohm": {"Eon": {"0.5601455693655303": 51.61770635416288, "1.3729263072127527": 265.22190914346567, "2.1182955867266413": 427.8974340043893, "2.730608127761995": 573.9478649661602, "3.3384591781092174": 691.133414110052, "4.002305964725379": 759.1154349010776, "4.5292455567392675": 828.554746964086, "5.092691854876894": 926.8368731386771, "5.653148569681187": 1001.0687809315117, "6.227993305318814": 1048.6214832244536, "6.729770332623107": 1117.1841540984349, "7.225219234927399": 1191.9499577500685, "7.694201991398359": 1261.8146013093522, "8.21137690301452": 1282.7059848546241, "8.647308129340278": 1371.443726452964, "9.134019499289774": 1452.8247083119663, "9.582479371448864": 1504.2169532483774}, "Eoff": {"0.632583017282197": 8.179008701335452, "1.792887813683712": 23.485154390157557, "2.4974048157354796": 35.519781087743134, "3.0543650793087123": 29.566260653292893, "3.9682217294034094": 15.663439192987244, "4.974969004498106": 34.61969386253096, "5.919862666114268": 50.53633613505391, "6.843563066208967": 45.8433876918201, "7.675487977825126": 50.91077220092249, "8.741319139441288": 76.84484562541338, "9.683790926057451": 74.78947871057007, "10.559210076152148": 83.1226456705642, "11.30293186276831": 82.27861557297298, "12.391731774384471": 120.82162012181607, "13.204906686000632": 122.24910104363661, "13.877044586095332": 120.00228111345382, "14.73709449771149": 148.88297790781064}, "deltaV": {"0.632583017282197": 14.801562499999989, "1.792887813683712": 24.215625000000045, "2.4974048157354796": 23.59375, "3.0543650793087123": 23.203125000000057, "3.9682217294034094": 20.6875, "4.974969004498106": 19.803906249999955, "5.919862666114268": 22.484375, "6.843563066208967": 22.81406250000009, "7.675487977825126": 19.527343750000114, "8.741319139441288": 20.591406250000034, "9.683790926057451": 18.60390625000008, "10.559210076152148": 23.747656250000034, "11.30293186276831": 25.520312500000045, "12.391731774384471": 28.50156250000009, "13.204906686000632": 32.40390624999998, "13.877044586095332": 34.33437500000002, "14.73709449771149": 31.50312500000001}}}