{
    "Lnc": 3.0,
    "Qec": 0.55,
    "Cr_nF": 116.209,
    "n": 4.0,
    "Lr_uH": 21.797,
    "Lm_uH": 65.392,
    "fsw_min": 60170.0,
    "fsw_max": 156220.0,
    "Im_rms": 6.992,
    "Io": 25.0,
    "Ioe_rms": 7.636,
    "Ios_rms": 30.545,
    "Ir_rms": 10.354,
    "L_second_uH": 4.087,
    "Re_nom": 24.901,
    "Re_110": 22.637,
    "Cr": 1.16209e-07,
    "Lr": 2.1796999999999998e-05,
    "Lm": 6.539199999999999e-05
}